{ "compressionlevel":-1,
 "height":25,
 "infinite":false,
 "layers":[
        {
         "data":[0, 0, 0, 0, 0, 0, 0, 0, 0, 0, 0, 0, 0, 0, 0, 0, 0, 0, 0, 0, 0, 0, 0, 0, 0, 0, 0, 0, 0, 0, 0, 0, 0, 0, 0, 0, 0, 0, 0, 0,
            0, 0, 0, 0, 0, 0, 0, 0, 0, 0, 0, 0, 0, 0, 0, 0, 0, 0, 0, 0, 0, 0, 0, 0, 0, 0, 0, 0, 0, 0, 0, 0, 0, 0, 0, 0, 0, 0, 0, 0,
            0, 0, 0, 0, 0, 0, 0, 0, 0, 0, 0, 0, 0, 0, 0, 0, 0, 0, 0, 0, 0, 0, 0, 0, 0, 0, 0, 0, 0, 0, 0, 0, 0, 0, 0, 0, 0, 0, 0, 0,
            0, 0, 0, 0, 0, 0, 0, 0, 0, 0, 0, 0, 0, 0, 0, 0, 0, 0, 0, 0, 0, 0, 0, 0, 0, 0, 0, 0, 0, 0, 0, 0, 0, 0, 0, 0, 0, 0, 0, 0,
            0, 0, 0, 0, 0, 0, 0, 0, 0, 0, 0, 0, 0, 0, 0, 0, 0, 0, 0, 0, 0, 0, 0, 0, 0, 0, 0, 0, 0, 0, 0, 0, 0, 0, 0, 0, 0, 0, 0, 0,
            0, 0, 0, 0, 0, 0, 0, 0, 0, 0, 0, 0, 0, 0, 0, 0, 0, 0, 0, 0, 0, 0, 0, 0, 0, 0, 0, 0, 0, 0, 0, 0, 0, 0, 0, 0, 0, 0, 0, 0,
            0, 0, 0, 0, 0, 0, 0, 0, 0, 0, 0, 0, 0, 0, 0, 0, 0, 0, 0, 0, 0, 0, 0, 0, 0, 0, 0, 0, 0, 0, 0, 0, 0, 0, 0, 0, 0, 0, 0, 0,
            0, 0, 0, 0, 0, 0, 0, 0, 0, 0, 0, 0, 0, 0, 0, 0, 0, 0, 0, 0, 0, 0, 0, 0, 0, 0, 0, 0, 0, 0, 0, 0, 0, 0, 0, 0, 0, 0, 0, 0,
            0, 0, 0, 0, 0, 0, 0, 0, 0, 0, 0, 0, 0, 0, 0, 0, 0, 0, 0, 0, 0, 0, 0, 0, 0, 0, 0, 0, 0, 0, 0, 0, 0, 0, 0, 0, 0, 0, 0, 0,
            0, 0, 0, 0, 0, 0, 0, 0, 0, 0, 0, 0, 0, 0, 0, 0, 0, 0, 0, 0, 0, 0, 0, 0, 0, 0, 0, 0, 0, 0, 0, 0, 0, 0, 0, 0, 0, 0, 0, 0,
            0, 0, 0, 0, 0, 0, 0, 0, 0, 0, 0, 0, 0, 0, 0, 0, 0, 0, 0, 0, 0, 0, 0, 0, 0, 0, 0, 0, 0, 0, 0, 0, 0, 0, 0, 0, 0, 0, 0, 0,
            0, 0, 0, 0, 0, 0, 0, 0, 0, 0, 0, 0, 0, 0, 0, 0, 0, 0, 0, 0, 0, 0, 0, 0, 0, 0, 0, 0, 0, 0, 0, 0, 0, 0, 0, 0, 0, 0, 0, 0,
            0, 0, 0, 0, 0, 0, 0, 0, 0, 0, 0, 0, 0, 0, 0, 0, 0, 0, 0, 0, 0, 0, 0, 0, 0, 0, 0, 0, 0, 0, 0, 0, 0, 0, 0, 0, 0, 0, 0, 0,
            0, 0, 0, 0, 0, 0, 0, 0, 0, 0, 0, 0, 0, 0, 0, 0, 0, 0, 0, 0, 0, 0, 0, 0, 0, 0, 0, 0, 0, 0, 0, 0, 0, 0, 0, 0, 0, 0, 0, 0,
            0, 0, 0, 0, 0, 0, 0, 0, 0, 0, 0, 0, 0, 0, 0, 0, 0, 0, 0, 0, 0, 0, 0, 0, 0, 0, 0, 0, 0, 0, 0, 0, 0, 0, 0, 0, 0, 0, 0, 0,
            0, 0, 0, 0, 0, 0, 0, 0, 0, 0, 0, 0, 0, 0, 0, 0, 0, 0, 0, 0, 0, 0, 0, 0, 0, 0, 0, 0, 0, 0, 0, 0, 0, 0, 0, 0, 0, 0, 0, 0,
            0, 0, 0, 0, 0, 0, 0, 0, 0, 0, 0, 0, 0, 0, 0, 0, 0, 0, 0, 0, 0, 0, 0, 0, 0, 0, 0, 0, 0, 0, 0, 0, 0, 0, 0, 0, 0, 0, 0, 0,
            0, 0, 0, 0, 0, 0, 0, 0, 0, 0, 0, 0, 0, 0, 0, 0, 0, 0, 0, 0, 0, 0, 0, 0, 0, 0, 0, 0, 0, 0, 0, 0, 0, 0, 0, 0, 0, 0, 0, 0,
            0, 0, 0, 0, 0, 0, 0, 0, 0, 0, 0, 0, 0, 0, 0, 0, 0, 0, 0, 0, 0, 0, 0, 0, 0, 0, 0, 0, 0, 0, 0, 0, 0, 0, 0, 0, 0, 0, 0, 0,
            0, 0, 0, 0, 0, 0, 0, 0, 0, 0, 0, 0, 0, 0, 0, 0, 0, 0, 0, 0, 0, 0, 0, 0, 0, 0, 0, 0, 0, 0, 0, 0, 0, 0, 0, 0, 0, 0, 0, 0,
            0, 0, 0, 0, 0, 0, 0, 0, 0, 0, 0, 0, 0, 0, 0, 0, 0, 0, 0, 0, 0, 0, 0, 0, 0, 0, 0, 0, 0, 0, 0, 0, 0, 0, 0, 0, 0, 0, 0, 0,
            0, 0, 0, 0, 0, 0, 0, 0, 0, 0, 0, 0, 0, 0, 0, 0, 0, 0, 0, 0, 0, 0, 0, 0, 0, 0, 0, 0, 0, 0, 0, 0, 0, 0, 0, 0, 0, 0, 0, 0,
            0, 0, 0, 0, 0, 0, 0, 0, 0, 0, 0, 0, 0, 0, 0, 0, 0, 0, 0, 0, 0, 0, 0, 0, 0, 0, 0, 0, 0, 0, 0, 0, 0, 0, 0, 0, 0, 0, 0, 0,
            0, 0, 0, 0, 0, 0, 0, 0, 0, 0, 0, 0, 0, 0, 0, 0, 0, 0, 0, 0, 0, 0, 0, 0, 0, 0, 0, 0, 0, 0, 0, 0, 0, 0, 0, 0, 0, 0, 0, 0,
            0, 0, 0, 0, 0, 0, 0, 0, 0, 0, 0, 0, 0, 0, 0, 0, 0, 0, 0, 0, 0, 0, 0, 0, 0, 0, 0, 0, 0, 0, 0, 0, 0, 0, 0, 0, 0, 0, 0, 0],
         "height":25,
         "id":3,
         "name":"calque_background_2",
         "opacity":1,
         "type":"tilelayer",
         "visible":true,
         "width":40,
         "x":0,
         "y":0
        }, 
        {
         "data":[77, 77, 77, 77, 77, 77, 77, 77, 77, 77, 77, 77, 77, 77, 77, 77, 77, 77, 77, 77, 77, 77, 77, 77, 77, 77, 77, 77, 77, 77, 77, 77, 77, 77, 77, 77, 77, 77, 77, 77,
            77, 77, 77, 77, 77, 77, 77, 77, 77, 77, 77, 77, 77, 77, 77, 77, 77, 77, 77, 77, 77, 77, 77, 77, 77, 77, 77, 77, 77, 77, 77, 77, 77, 77, 77, 77, 77, 77, 77, 77,
            77, 77, 77, 77, 77, 77, 77, 77, 77, 77, 77, 77, 77, 77, 77, 77, 77, 77, 77, 77, 77, 77, 77, 77, 77, 77, 77, 77, 77, 77, 77, 77, 77, 77, 77, 77, 77, 77, 77, 77,
            77, 77, 77, 77, 77, 77, 77, 77, 77, 77, 77, 77, 77, 77, 77, 77, 77, 77, 77, 77, 77, 77, 77, 77, 77, 77, 77, 77, 77, 77, 77, 77, 77, 77, 77, 77, 77, 77, 77, 77,
            77, 77, 77, 77, 77, 77, 77, 77, 77, 77, 77, 77, 77, 77, 77, 77, 77, 77, 77, 77, 77, 77, 77, 77, 77, 77, 77, 77, 77, 77, 77, 77, 77, 77, 77, 77, 77, 77, 77, 77,
            77, 77, 77, 77, 77, 77, 77, 77, 77, 77, 77, 77, 77, 77, 77, 77, 77, 77, 77, 77, 77, 77, 77, 77, 77, 77, 77, 77, 77, 77, 77, 77, 77, 77, 77, 77, 77, 77, 77, 77,
            77, 77, 77, 77, 77, 77, 77, 77, 77, 77, 77, 77, 77, 77, 77, 77, 77, 77, 77, 77, 77, 77, 77, 77, 77, 77, 77, 77, 77, 77, 77, 77, 77, 77, 77, 77, 77, 77, 77, 77,
            77, 77, 77, 77, 77, 77, 77, 77, 77, 77, 77, 77, 77, 77, 77, 77, 77, 77, 77, 77, 77, 77, 77, 77, 77, 77, 77, 77, 77, 77, 77, 77, 77, 77, 77, 77, 77, 77, 77, 77,
            77, 77, 77, 77, 77, 77, 77, 77, 77, 77, 77, 77, 77, 77, 77, 77, 77, 77, 77, 77, 77, 77, 77, 77, 77, 77, 77, 77, 77, 77, 77, 77, 77, 77, 77, 77, 77, 77, 77, 77,
            77, 77, 77, 77, 77, 77, 77, 77, 77, 77, 77, 77, 77, 77, 77, 77, 77, 77, 77, 77, 77, 77, 77, 77, 77, 77, 77, 77, 77, 77, 77, 77, 77, 77, 77, 77, 77, 77, 77, 77,
            77, 77, 77, 77, 77, 77, 77, 77, 77, 77, 77, 77, 77, 77, 77, 77, 77, 77, 77, 77, 77, 77, 77, 77, 77, 77, 77, 77, 77, 77, 77, 77, 77, 77, 77, 77, 77, 77, 77, 77,
            77, 77, 77, 77, 77, 77, 77, 77, 77, 77, 77, 77, 77, 77, 77, 77, 77, 77, 77, 77, 77, 77, 77, 77, 77, 77, 77, 77, 77, 77, 77, 77, 77, 77, 77, 77, 77, 77, 77, 77,
            77, 77, 77, 77, 77, 77, 77, 77, 77, 77, 77, 77, 77, 77, 77, 77, 77, 77, 77, 77, 77, 77, 77, 77, 77, 77, 77, 77, 77, 77, 77, 77, 77, 77, 77, 77, 77, 77, 77, 77,
            77, 77, 77, 77, 77, 77, 77, 77, 77, 77, 77, 77, 77, 77, 77, 77, 77, 77, 77, 77, 77, 77, 77, 77, 77, 77, 77, 77, 77, 77, 77, 77, 77, 77, 77, 77, 77, 77, 77, 77,
            77, 77, 77, 77, 77, 77, 77, 77, 77, 77, 77, 77, 77, 77, 77, 77, 77, 77, 77, 77, 77, 77, 77, 77, 77, 77, 77, 77, 77, 77, 77, 77, 77, 77, 77, 77, 77, 77, 77, 77,
            77, 77, 77, 77, 77, 77, 77, 77, 77, 77, 77, 77, 77, 77, 77, 77, 77, 77, 77, 77, 77, 77, 77, 77, 77, 77, 77, 77, 77, 77, 77, 77, 77, 77, 77, 77, 77, 77, 77, 77,
            77, 77, 77, 77, 77, 77, 77, 77, 77, 77, 77, 77, 77, 77, 77, 77, 77, 77, 77, 77, 77, 77, 77, 77, 77, 77, 77, 77, 77, 77, 77, 77, 77, 77, 77, 77, 77, 77, 77, 77,
            77, 77, 77, 77, 77, 77, 77, 77, 77, 77, 77, 77, 77, 77, 77, 77, 77, 77, 77, 77, 77, 77, 77, 77, 77, 77, 77, 77, 77, 77, 77, 77, 77, 77, 77, 77, 77, 77, 77, 77,
            77, 77, 77, 77, 77, 77, 77, 77, 77, 77, 77, 77, 77, 77, 77, 77, 77, 77, 77, 77, 77, 77, 77, 77, 77, 77, 77, 77, 77, 77, 77, 77, 77, 77, 77, 77, 77, 77, 77, 77,
            77, 77, 77, 77, 77, 77, 77, 77, 77, 77, 77, 77, 77, 77, 77, 77, 77, 77, 77, 77, 77, 77, 77, 77, 77, 77, 77, 77, 77, 77, 77, 77, 77, 77, 77, 77, 77, 77, 77, 77,
            77, 77, 77, 77, 77, 77, 77, 77, 77, 77, 77, 77, 77, 77, 77, 77, 77, 77, 77, 77, 77, 77, 77, 77, 77, 77, 77, 77, 77, 77, 77, 77, 77, 77, 77, 77, 77, 77, 77, 77,
            77, 77, 77, 77, 77, 77, 77, 77, 77, 77, 77, 77, 77, 77, 77, 77, 77, 77, 77, 77, 77, 77, 77, 77, 77, 77, 77, 77, 77, 77, 77, 77, 77, 77, 77, 77, 77, 77, 77, 77,
            77, 77, 77, 77, 77, 77, 77, 77, 77, 77, 77, 77, 77, 77, 77, 77, 77, 77, 77, 77, 77, 77, 77, 77, 77, 77, 77, 77, 77, 77, 77, 77, 77, 77, 77, 77, 77, 77, 77, 77,
            77, 77, 77, 77, 77, 77, 77, 77, 77, 77, 77, 77, 77, 77, 77, 77, 77, 77, 77, 77, 77, 77, 77, 77, 77, 77, 77, 77, 77, 77, 77, 77, 77, 77, 77, 77, 77, 77, 77, 77,
            77, 77, 77, 77, 77, 77, 77, 77, 77, 77, 77, 77, 77, 77, 77, 77, 77, 77, 77, 77, 77, 77, 77, 77, 77, 77, 77, 77, 77, 77, 77, 77, 77, 77, 77, 77, 77, 77, 77, 77],
         "height":25,
         "id":2,
         "name":"calque_background",
         "opacity":1,
         "type":"tilelayer",
         "visible":true,
         "width":40,
         "x":0,
         "y":0
        }, 
        {
         "data":[16, 17, 17, 17, 17, 17, 17, 17, 17, 17, 17, 17, 17, 17, 17, 17, 17, 17, 17, 17, 17, 17, 17, 17, 17, 17, 17, 17, 17, 17, 17, 17, 17, 17, 17, 17, 17, 17, 17, 18,
            16, 17, 17, 17, 17, 17, 17, 17, 17, 17, 17, 17, 17, 17, 17, 17, 17, 17, 17, 17, 17, 17, 17, 17, 17, 17, 17, 17, 17, 17, 17, 17, 17, 17, 17, 17, 17, 17, 17, 18,
            16, 17, 17, 17, 17, 17, 17, 17, 17, 17, 17, 17, 17, 17, 17, 17, 17, 17, 17, 17, 17, 17, 17, 17, 17, 17, 17, 17, 17, 17, 17, 17, 17, 17, 17, 17, 17, 17, 17, 18,
            31, 32, 32, 32, 32, 32, 32, 32, 32, 32, 32, 32, 32, 32, 32, 32, 32, 32, 32, 32, 32, 32, 32, 32, 32, 32, 32, 32, 32, 32, 32, 32, 32, 32, 32, 32, 32, 32, 32, 33,
            0, 0, 0, 0, 0, 0, 0, 0, 0, 0, 0, 0, 0, 0, 0, 0, 0, 0, 0, 0, 0, 0, 0, 0, 0, 0, 0, 0, 0, 0, 0, 0, 0, 0, 0, 0, 0, 0, 0, 0,
            0, 0, 0, 0, 0, 0, 0, 0, 0, 0, 0, 0, 0, 0, 0, 0, 0, 0, 0, 0, 0, 0, 0, 0, 0, 0, 0, 0, 0, 0, 0, 0, 0, 0, 0, 0, 0, 0, 0, 0,
            0, 0, 0, 0, 0, 0, 0, 0, 0, 0, 0, 0, 0, 0, 0, 0, 0, 0, 0, 0, 0, 0, 0, 0, 0, 0, 0, 0, 0, 0, 0, 0, 0, 0, 0, 0, 0, 0, 0, 0,
            0, 0, 0, 0, 0, 0, 0, 0, 0, 0, 0, 0, 0, 0, 0, 0, 0, 0, 0, 0, 0, 0, 0, 0, 0, 0, 0, 0, 0, 0, 0, 0, 0, 0, 0, 0, 0, 0, 0, 0,
            0, 0, 0, 0, 0, 0, 0, 0, 0, 0, 1, 2, 2, 2, 2, 2, 2, 2, 2, 2, 2, 2, 2, 2, 2, 2, 2, 2, 2, 3, 0, 0, 0, 0, 0, 0, 0, 0, 0, 0,
            0, 0, 0, 0, 0, 0, 0, 0, 0, 0, 16, 17, 17, 17, 17, 17, 17, 17, 17, 17, 17, 17, 17, 17, 17, 17, 17, 17, 17, 18, 0, 0, 0, 0, 0, 0, 0, 0, 0, 0,
            0, 0, 0, 0, 0, 0, 0, 0, 0, 0, 16, 17, 17, 17, 17, 17, 17, 17, 17, 17, 17, 17, 17, 17, 17, 17, 17, 17, 17, 18, 0, 0, 0, 0, 0, 0, 0, 0, 0, 0,
            0, 0, 0, 0, 0, 0, 0, 0, 0, 0, 16, 17, 17, 17, 17, 17, 17, 17, 17, 17, 17, 17, 17, 17, 17, 17, 17, 17, 17, 18, 0, 0, 0, 0, 0, 0, 0, 0, 0, 0,
            0, 0, 0, 0, 0, 0, 0, 0, 0, 0, 16, 17, 17, 17, 17, 17, 17, 17, 17, 17, 17, 17, 17, 17, 17, 17, 17, 17, 17, 18, 0, 0, 0, 0, 0, 0, 0, 0, 0, 0,
            0, 0, 0, 0, 0, 0, 0, 0, 0, 0, 31, 32, 32, 32, 32, 32, 32, 32, 32, 32, 32, 32, 32, 32, 32, 32, 32, 32, 32, 33, 0, 0, 0, 0, 0, 0, 0, 0, 0, 0,
            0, 0, 0, 0, 0, 0, 0, 0, 0, 0, 0, 0, 0, 0, 0, 0, 0, 0, 0, 0, 0, 0, 0, 0, 0, 0, 0, 0, 0, 0, 0, 0, 0, 0, 0, 0, 0, 0, 0, 0,
            0, 0, 0, 0, 0, 0, 0, 0, 0, 0, 0, 0, 0, 0, 0, 0, 0, 0, 0, 0, 0, 0, 0, 0, 0, 0, 0, 0, 0, 0, 0, 0, 0, 0, 0, 0, 0, 0, 0, 0,
            0, 0, 0, 0, 0, 0, 0, 0, 0, 0, 0, 0, 0, 0, 0, 0, 0, 0, 0, 0, 0, 0, 0, 0, 0, 0, 0, 0, 0, 0, 0, 0, 0, 0, 0, 0, 0, 0, 0, 0,
            0, 0, 0, 0, 0, 0, 0, 0, 0, 0, 0, 0, 0, 0, 0, 0, 0, 0, 0, 0, 0, 0, 0, 0, 0, 0, 0, 0, 0, 0, 0, 0, 0, 0, 0, 0, 0, 0, 0, 0,
            0, 0, 0, 0, 0, 0, 0, 0, 0, 0, 0, 0, 0, 0, 0, 0, 0, 0, 0, 0, 0, 0, 0, 0, 0, 0, 0, 0, 0, 0, 0, 0, 0, 0, 0, 0, 0, 0, 0, 0,
            0, 0, 0, 0, 0, 0, 0, 0, 0, 0, 0, 0, 0, 0, 0, 0, 0, 0, 0, 0, 0, 0, 0, 0, 0, 0, 0, 0, 0, 0, 0, 0, 0, 0, 0, 0, 0, 0, 0, 0,
            1, 2, 2, 2, 2, 2, 2, 2, 2, 2, 2, 2, 2, 2, 2, 2, 2, 2, 2, 2, 2, 2, 2, 2, 2, 2, 2, 2, 2, 2, 2, 2, 2, 2, 2, 2, 2, 2, 2, 3,
            16, 17, 17, 17, 17, 17, 17, 17, 17, 17, 17, 17, 17, 17, 17, 17, 17, 17, 17, 17, 17, 17, 17, 17, 17, 17, 17, 17, 17, 17, 17, 17, 17, 17, 17, 17, 17, 17, 17, 18,
            16, 17, 17, 17, 17, 17, 17, 17, 17, 17, 17, 17, 17, 17, 17, 17, 17, 17, 17, 17, 17, 17, 17, 17, 17, 17, 17, 17, 17, 17, 17, 17, 17, 17, 17, 17, 17, 17, 17, 18,
            16, 17, 17, 17, 17, 17, 17, 17, 17, 17, 17, 17, 17, 17, 17, 17, 17, 17, 17, 17, 17, 17, 17, 17, 17, 17, 17, 17, 17, 17, 17, 17, 17, 17, 17, 17, 17, 17, 17, 18,
            16, 17, 17, 17, 17, 17, 17, 17, 17, 17, 17, 17, 17, 17, 17, 17, 17, 17, 17, 17, 17, 17, 17, 17, 17, 17, 17, 17, 17, 17, 17, 17, 17, 17, 17, 17, 17, 17, 17, 18],
         "height":25,
         "id":1,
         "name":"calque_plateformes",
         "opacity":1,
         "type":"tilelayer",
         "visible":true,
         "width":40,
         "x":0,
         "y":0
        }, 
        {
         "data":[0, 0, 0, 0, 0, 0, 0, 0, 0, 0, 0, 0, 0, 0, 0, 0, 0, 0, 0, 0, 0, 0, 0, 0, 0, 0, 0, 0, 0, 0, 0, 0, 0, 0, 0, 0, 0, 0, 0, 0,
            0, 0, 0, 0, 0, 0, 0, 0, 0, 0, 0, 0, 0, 0, 0, 0, 0, 0, 0, 0, 0, 0, 0, 0, 0, 0, 0, 0, 0, 0, 0, 0, 0, 0, 0, 0, 0, 0, 0, 0,
            0, 0, 0, 0, 0, 0, 0, 0, 0, 0, 0, 0, 0, 0, 0, 0, 0, 0, 0, 0, 0, 0, 0, 0, 0, 0, 0, 0, 0, 0, 0, 0, 0, 0, 0, 0, 0, 0, 0, 0,
            0, 0, 0, 0, 0, 0, 0, 0, 0, 0, 0, 0, 0, 0, 0, 0, 0, 0, 0, 0, 0, 0, 0, 0, 0, 0, 0, 0, 0, 0, 0, 0, 0, 0, 0, 0, 0, 0, 0, 0,
            0, 0, 0, 0, 0, 0, 0, 0, 0, 0, 0, 0, 0, 0, 0, 0, 0, 0, 0, 0, 0, 0, 0, 0, 0, 0, 0, 0, 0, 0, 0, 0, 0, 0, 0, 0, 0, 0, 0, 0,
            0, 0, 0, 0, 0, 0, 0, 0, 0, 0, 0, 0, 0, 0, 0, 0, 0, 0, 0, 0, 0, 0, 0, 0, 0, 0, 0, 0, 0, 0, 0, 0, 0, 0, 0, 0, 0, 0, 0, 0,
            0, 0, 0, 0, 0, 0, 0, 0, 0, 0, 0, 0, 0, 0, 0, 0, 0, 0, 0, 0, 0, 0, 0, 0, 0, 0, 0, 0, 0, 0, 0, 0, 0, 0, 0, 0, 0, 0, 0, 0,
            0, 0, 0, 0, 0, 0, 0, 0, 110, 110, 0, 0, 0, 0, 0, 0, 0, 0, 0, 0, 0, 0, 0, 0, 0, 0, 0, 0, 0, 0, 110, 110, 0, 0, 0, 0, 0, 0, 0, 0,
            0, 0, 0, 0, 0, 0, 0, 0, 125, 125, 0, 0, 0, 0, 0, 0, 0, 0, 0, 0, 0, 0, 0, 0, 0, 0, 0, 0, 0, 0, 125, 125, 0, 0, 0, 0, 0, 0, 0, 0,
            0, 0, 0, 0, 0, 0, 0, 0, 125, 125, 0, 0, 0, 0, 0, 0, 0, 0, 0, 0, 0, 0, 0, 0, 0, 0, 0, 0, 0, 0, 125, 125, 0, 0, 0, 0, 0, 0, 0, 0,
            0, 0, 0, 0, 0, 0, 0, 0, 125, 125, 0, 0, 0, 0, 0, 0, 0, 0, 0, 0, 0, 0, 0, 0, 0, 0, 0, 0, 0, 0, 125, 125, 0, 0, 0, 0, 0, 0, 0, 0,
            0, 0, 0, 0, 0, 0, 0, 0, 125, 125, 0, 0, 0, 0, 0, 0, 0, 0, 0, 0, 0, 0, 0, 0, 0, 0, 0, 0, 0, 0, 125, 125, 0, 0, 0, 0, 0, 0, 0, 0,
            0, 0, 0, 0, 0, 0, 0, 0, 125, 125, 0, 0, 0, 0, 0, 0, 0, 0, 0, 0, 0, 0, 0, 0, 0, 0, 0, 0, 0, 0, 125, 125, 0, 0, 0, 0, 0, 0, 0, 0,
            0, 0, 0, 0, 0, 0, 0, 0, 125, 125, 0, 0, 0, 0, 0, 0, 0, 0, 0, 0, 0, 0, 0, 0, 0, 0, 0, 0, 0, 0, 125, 125, 0, 0, 0, 0, 0, 0, 0, 0,
            0, 0, 0, 0, 0, 0, 0, 0, 125, 125, 0, 0, 0, 0, 0, 0, 0, 0, 0, 0, 0, 0, 0, 0, 0, 0, 0, 0, 0, 0, 125, 125, 0, 0, 0, 0, 0, 0, 0, 0,
            0, 0, 0, 0, 0, 0, 0, 0, 125, 125, 0, 0, 0, 0, 0, 0, 0, 0, 0, 0, 0, 0, 0, 0, 0, 0, 0, 0, 0, 0, 125, 125, 0, 0, 0, 0, 0, 0, 0, 0,
            0, 0, 0, 0, 0, 0, 0, 0, 125, 125, 0, 0, 0, 0, 0, 0, 0, 0, 0, 0, 0, 0, 0, 0, 0, 0, 0, 0, 0, 0, 125, 125, 0, 0, 0, 0, 0, 0, 0, 0,
            0, 0, 0, 0, 0, 0, 0, 0, 125, 125, 0, 0, 0, 0, 0, 0, 0, 0, 0, 0, 0, 0, 0, 0, 0, 0, 0, 0, 0, 0, 125, 125, 0, 0, 0, 0, 0, 0, 0, 0,
            0, 0, 0, 0, 0, 0, 0, 0, 125, 125, 0, 0, 0, 0, 0, 0, 0, 0, 0, 0, 0, 0, 0, 0, 0, 0, 0, 0, 0, 0, 125, 125, 0, 0, 0, 0, 0, 0, 0, 0,
            0, 0, 0, 0, 0, 0, 0, 0, 155, 155, 0, 0, 0, 0, 0, 0, 0, 0, 0, 0, 0, 0, 0, 0, 0, 0, 0, 0, 0, 0, 155, 155, 0, 0, 0, 0, 0, 0, 0, 0,
            0, 0, 0, 0, 0, 0, 0, 0, 0, 0, 0, 0, 0, 0, 0, 0, 0, 0, 0, 0, 0, 0, 0, 0, 0, 0, 0, 0, 0, 0, 0, 0, 0, 0, 0, 0, 0, 0, 0, 0,
            0, 0, 0, 0, 0, 0, 0, 0, 0, 0, 0, 0, 0, 0, 0, 0, 0, 0, 0, 0, 0, 0, 0, 0, 0, 0, 0, 0, 0, 0, 0, 0, 0, 0, 0, 0, 0, 0, 0, 0,
            0, 0, 0, 0, 0, 0, 0, 0, 0, 0, 0, 0, 0, 0, 0, 0, 0, 0, 0, 0, 0, 0, 0, 0, 0, 0, 0, 0, 0, 0, 0, 0, 0, 0, 0, 0, 0, 0, 0, 0,
            0, 0, 0, 0, 0, 0, 0, 0, 0, 0, 0, 0, 0, 0, 0, 0, 0, 0, 0, 0, 0, 0, 0, 0, 0, 0, 0, 0, 0, 0, 0, 0, 0, 0, 0, 0, 0, 0, 0, 0,
            0, 0, 0, 0, 0, 0, 0, 0, 0, 0, 0, 0, 0, 0, 0, 0, 0, 0, 0, 0, 0, 0, 0, 0, 0, 0, 0, 0, 0, 0, 0, 0, 0, 0, 0, 0, 0, 0, 0, 0],
         "height":25,
         "id":4,
         "name":"calque_echelles",
         "opacity":1,
         "type":"tilelayer",
         "visible":true,
         "width":40,
         "x":0,
         "y":0
        }],
 "nextlayerid":5,
 "nextobjectid":1,
 "orientation":"orthogonal",
 "renderorder":"right-down",
 "tiledversion":"1.11.2",
 "tileheight":32,
 "tilesets":[
        {
         "columns":15,
         "firstgid":1,
         "image":"selectionJeu.png",
         "imageheight":576,
         "imagewidth":480,
         "margin":0,
         "name":"selection_tileset",
         "spacing":0,
         "tilecount":270,
         "tileheight":32,
         "tiles":[
                {
                 "id":0,
                 "properties":[
                        {
                         "name":"estSolide",
                         "type":"bool",
                         "value":true
                        }]
                }, 
                {
                 "id":1,
                 "properties":[
                        {
                         "name":"estSolide",
                         "type":"bool",
                         "value":true
                        }]
                }, 
                {
                 "id":2,
                 "properties":[
                        {
                         "name":"estSolide",
                         "type":"bool",
                         "value":true
                        }]
                }, 
                {
                 "id":3,
                 "properties":[
                        {
                         "name":"estSolide",
                         "type":"bool",
                         "value":false
                        }]
                }, 
                {
                 "id":4,
                 "properties":[
                        {
                         "name":"estSolide",
                         "type":"bool",
                         "value":true
                        }]
                }, 
                {
                 "id":5,
                 "properties":[
                        {
                         "name":"estSolide",
                         "type":"bool",
                         "value":true
                        }]
                }, 
                {
                 "id":6,
                 "properties":[
                        {
                         "name":"estSolide",
                         "type":"bool",
                         "value":false
                        }]
                }, 
                {
                 "id":7,
                 "properties":[
                        {
                         "name":"estSolide",
                         "type":"bool",
                         "value":false
                        }]
                }, 
                {
                 "id":8,
                 "properties":[
                        {
                         "name":"estSolide",
                         "type":"bool",
                         "value":false
                        }]
                }, 
                {
                 "id":9,
                 "properties":[
                        {
                         "name":"estSolide",
                         "type":"bool",
                         "value":false
                        }]
                }, 
                {
                 "id":10,
                 "properties":[
                        {
                         "name":"estSolide",
                         "type":"bool",
                         "value":false
                        }]
                }, 
                {
                 "id":11,
                 "properties":[
                        {
                         "name":"estSolide",
                         "type":"bool",
                         "value":false
                        }]
                }, 
                {
                 "id":12,
                 "properties":[
                        {
                         "name":"estSolide",
                         "type":"bool",
                         "value":false
                        }]
                }, 
                {
                 "id":15,
                 "properties":[
                        {
                         "name":"estSolide",
                         "type":"bool",
                         "value":true
                        }]
                }, 
                {
                 "id":16,
                 "properties":[
                        {
                         "name":"estSolide",
                         "type":"bool",
                         "value":true
                        }]
                }, 
                {
                 "id":17,
                 "properties":[
                        {
                         "name":"estSolide",
                         "type":"bool",
                         "value":true
                        }]
                }, 
                {
                 "id":18,
                 "properties":[
                        {
                         "name":"estSolide",
                         "type":"bool",
                         "value":false
                        }]
                }, 
                {
                 "id":19,
                 "properties":[
                        {
                         "name":"estSolide",
                         "type":"bool",
                         "value":true
                        }]
                }, 
                {
                 "id":20,
                 "properties":[
                        {
                         "name":"estSolide",
                         "type":"bool",
                         "value":true
                        }]
                }, 
                {
                 "id":21,
                 "properties":[
                        {
                         "name":"estSolide",
                         "type":"bool",
                         "value":false
                        }]
                }, 
                {
                 "id":22,
                 "properties":[
                        {
                         "name":"estSolide",
                         "type":"bool",
                         "value":false
                        }]
                }, 
                {
                 "id":23,
                 "properties":[
                        {
                         "name":"estSolide",
                         "type":"bool",
                         "value":false
                        }]
                }, 
                {
                 "id":24,
                 "properties":[
                        {
                         "name":"estSolide",
                         "type":"bool",
                         "value":false
                        }]
                }, 
                {
                 "id":25,
                 "properties":[
                        {
                         "name":"estSolide",
                         "type":"bool",
                         "value":false
                        }]
                }, 
                {
                 "id":26,
                 "properties":[
                        {
                         "name":"estSolide",
                         "type":"bool",
                         "value":false
                        }]
                }, 
                {
                 "id":27,
                 "properties":[
                        {
                         "name":"estSolide",
                         "type":"bool",
                         "value":false
                        }]
                }, 
                {
                 "id":30,
                 "properties":[
                        {
                         "name":"estSolide",
                         "type":"bool",
                         "value":true
                        }]
                }, 
                {
                 "id":31,
                 "properties":[
                        {
                         "name":"estSolide",
                         "type":"bool",
                         "value":true
                        }]
                }, 
                {
                 "id":32,
                 "properties":[
                        {
                         "name":"estSolide",
                         "type":"bool",
                         "value":true
                        }]
                }, 
                {
                 "id":33,
                 "properties":[
                        {
                         "name":"estSolide",
                         "type":"bool",
                         "value":false
                        }]
                }, 
                {
                 "id":34,
                 "properties":[
                        {
                         "name":"estSolide",
                         "type":"bool",
                         "value":true
                        }]
                }, 
                {
                 "id":35,
                 "properties":[
                        {
                         "name":"estSolide",
                         "type":"bool",
                         "value":true
                        }]
                }, 
                {
                 "id":36,
                 "properties":[
                        {
                         "name":"estSolide",
                         "type":"bool",
                         "value":false
                        }]
                }, 
                {
                 "id":37,
                 "properties":[
                        {
                         "name":"estSolide",
                         "type":"bool",
                         "value":false
                        }]
                }, 
                {
                 "id":38,
                 "properties":[
                        {
                         "name":"estSolide",
                         "type":"bool",
                         "value":false
                        }]
                }, 
                {
                 "id":39,
                 "properties":[
                        {
                         "name":"estSolide",
                         "type":"bool",
                         "value":false
                        }]
                }, 
                {
                 "id":40,
                 "properties":[
                        {
                         "name":"estSolide",
                         "type":"bool",
                         "value":false
                        }]
                }, 
                {
                 "id":41,
                 "properties":[
                        {
                         "name":"estSolide",
                         "type":"bool",
                         "value":false
                        }]
                }, 
                {
                 "id":42,
                 "properties":[
                        {
                         "name":"estSolide",
                         "type":"bool",
                         "value":false
                        }]
                }, 
                {
                 "id":45,
                 "properties":[
                        {
                         "name":"estSolide",
                         "type":"bool",
                         "value":false
                        }]
                },
            
                {
                 "id":46,
                 "properties":[
                        {
                         "name":"estSolide",
                         "type":"bool",
                         "value":false
                        }]
                }, 
                {
                 "id":47,
                 "properties":[
                        {
                         "name":"estSolide",
                         "type":"bool",
                         "value":false
                        }]
                }, 
                {
                 "id":48,
                 "properties":[
                        {
                         "name":"estSolide",
                         "type":"bool",
                         "value":false
                        }]
                }, 
                {
                 "id":49,
                 "properties":[
                        {
                         "name":"estSolide",
                         "type":"bool",
                         "value":false
                        }]
                }, 
                {
                 "id":50,
                 "properties":[
                        {
                         "name":"estSolide",
                         "type":"bool",
                         "value":false
                        }]
                }, 
                {
                 "id":51,
                 "properties":[
                        {
                         "name":"estSolide",
                         "type":"bool",
                         "value":false
                        }]
                }, 
                {
                 "id":52,
                 "properties":[
                        {
                         "name":"estSolide",
                         "type":"bool",
                         "value":false
                        }]
                }, 
                {
                 "id":53,
                 "properties":[
                        {
                         "name":"estSolide",
                         "type":"bool",
                         "value":false
                        }]
                }, 
                {
                 "id":54,
                 "properties":[
                        {
                         "name":"estSolide",
                         "type":"bool",
                         "value":false
                        }]
                }, 
                {
                 "id":55,
                 "properties":[
                        {
                         "name":"estSolide",
                         "type":"bool",
                         "value":false
                        }]
                }, 
                {
                 "id":56,
                 "properties":[
                        {
                         "name":"estSolide",
                         "type":"bool",
                         "value":false
                        }]
                }, 
                {
                 "id":57,
                 "properties":[
                        {
                         "name":"estSolide",
                         "type":"bool",
                         "value":false
                        }]
                }, 
                {
                 "id":60,
                 "properties":[
                        {
                         "name":"estSolide",
                         "type":"bool",
                         "value":true
                        }]
                }, 
                {
                 "id":61,
                 "properties":[
                        {
                         "name":"estSolide",
                         "type":"bool",
                         "value":true
                        }]
                }, 
                {
                 "id":62,
                 "properties":[
                        {
                         "name":"estSolide",
                         "type":"bool",
                         "value":true
                        }]
                }, 
                {
                 "id":63,
                 "properties":[
                        {
                         "name":"estSolide",
                         "type":"bool",
                         "value":false
                        }]
                }, 
                {
                 "id":64,
                 "properties":[
                        {
                         "name":"estSolide",
                         "type":"bool",
                         "value":true
                        }]
                }, 
                {
                 "id":65,
                 "properties":[
                        {
                         "name":"estSolide",
                         "type":"bool",
                         "value":true
                        }]
                }, 
                {
                 "id":66,
                 "properties":[
                        {
                         "name":"estSolide",
                         "type":"bool",
                         "value":false
                        }]
                }, 
                {
                 "id":67,
                 "properties":[
                        {
                         "name":"estSolide",
                         "type":"bool",
                         "value":false
                        }]
                }, 
                {
                 "id":68,
                 "properties":[
                        {
                         "name":"estSolide",
                         "type":"bool",
                         "value":false
                        }]
                }, 
                {
                 "id":69,
                 "properties":[
                        {
                         "name":"estSolide",
                         "type":"bool",
                         "value":false
                        }]
                }, 
                {
                 "id":70,
                 "properties":[
                        {
                         "name":"estSolide",
                         "type":"bool",
                         "value":false
                        }]
                }, 
                {
                 "id":71,
                 "properties":[
                        {
                         "name":"estSolide",
                         "type":"bool",
                         "value":false
                        }]
                }, 
                {
                 "id":72,
                 "properties":[
                        {
                         "name":"estSolide",
                         "type":"bool",
                         "value":false
                        }]
                }, 
                {
                 "id":75,
                 "properties":[
                        {
                         "name":"estSolide",
                         "type":"bool",
                         "value":true
                        }]
                }, 
                {
                 "id":76,
                 "properties":[
                        {
                         "name":"estSolide",
                         "type":"bool",
                         "value":true
                        }]
                }, 
                {
                 "id":77,
                 "properties":[
                        {
                         "name":"estSolide",
                         "type":"bool",
                         "value":true
                        }]
                }, 
                {
                 "id":78,
                 "properties":[
                        {
                         "name":"estSolide",
                         "type":"bool",
                         "value":false
                        }]
                }, 
                {
                 "id":79,
                 "properties":[
                        {
                         "name":"estSolide",
                         "type":"bool",
                         "value":false
                        }]
                }, 
                {
                 "id":80,
                 "properties":[
                        {
                         "name":"estSolide",
                         "type":"bool",
                         "value":false
                        }]
                }, 
                {
                 "id":81,
                 "properties":[
                        {
                         "name":"estSolide",
                         "type":"bool",
                         "value":false
                        }]
                }, 
                {
                 "id":82,
                 "properties":[
                        {
                         "name":"estSolide",
                         "type":"bool",
                         "value":false
                        }]
                }, 
                {
                 "id":83,
                 "properties":[
                        {
                         "name":"estSolide",
                         "type":"bool",
                         "value":false
                        }]
                }, 
                {
                 "id":84,
                 "properties":[
                        {
                         "name":"estSolide",
                         "type":"bool",
                         "value":false
                        }]
                }, 
                {
                 "id":85,
                 "properties":[
                        {
                         "name":"estSolide",
                         "type":"bool",
                         "value":false
                        }]
                }, 
                {
                 "id":86,
                 "properties":[
                        {
                         "name":"estSolide",
                         "type":"bool",
                         "value":false
                        }]
                }, 
                {
                 "id":87,
                 "properties":[
                        {
                         "name":"estSolide",
                         "type":"bool",
                         "value":false
                        }]
                }, 
                {
                 "id":90,
                 "properties":[
                        {
                         "name":"estSolide",
                         "type":"bool",
                         "value":true
                        }]
                }, 
                {
                 "id":91,
                 "properties":[
                        {
                         "name":"estSolide",
                         "type":"bool",
                         "value":true
                        }]
                },
            
                {
                 "id":92,
                 "properties":[
                        {
                         "name":"estSolide",
                         "type":"bool",
                         "value":true
                        }]
                }, 
                {
                 "id":93,
                 "properties":[
                        {
                         "name":"estSolide",
                         "type":"bool",
                         "value":false
                        }]
                }, 
                {
                 "id":94,
                 "properties":[
                        {
                         "name":"estSolide",
                         "type":"bool",
                         "value":false
                        }]
                }, 
                {
                 "id":95,
                 "properties":[
                        {
                         "name":"estSolide",
                         "type":"bool",
                         "value":false
                        }]
                }, 
                {
                 "id":96,
                 "properties":[
                        {
                         "name":"estSolide",
                         "type":"bool",
                         "value":false
                        }]
                }, 
                {
                 "id":97,
                 "properties":[
                        {
                         "name":"estSolide",
                         "type":"bool",
                         "value":false
                        }]
                }, 
                {
                 "id":98,
                 "properties":[
                        {
                         "name":"estSolide",
                         "type":"bool",
                         "value":false
                        }]
                }, 
                {
                 "id":99,
                 "properties":[
                        {
                         "name":"estSolide",
                         "type":"bool",
                         "value":false
                        }]
                }, 
                {
                 "id":100,
                 "properties":[
                        {
                         "name":"estSolide",
                         "type":"bool",
                         "value":false
                        }]
                }, 
                {
                 "id":101,
                 "properties":[
                        {
                         "name":"estSolide",
                         "type":"bool",
                         "value":false
                        }]
                }, 
                {
                 "id":102,
                 "properties":[
                        {
                         "name":"estSolide",
                         "type":"bool",
                         "value":false
                        }]
                }, 
                {
                 "id":105,
                 "properties":[
                        {
                         "name":"estSolide",
                         "type":"bool",
                         "value":false
                        }]
                }, 
                {
                 "id":106,
                 "properties":[
                        {
                         "name":"estSolide",
                         "type":"bool",
                         "value":false
                        }]
                }, 
                {
                 "id":107,
                 "properties":[
                        {
                         "name":"estSolide",
                         "type":"bool",
                         "value":false
                        }]
                }, 
                {
                 "id":108,
                 "properties":[
                        {
                         "name":"estSolide",
                         "type":"bool",
                         "value":false
                        }]
                }, 
                {
                 "id":109,
                 "properties":[
                        {
                         "name":"estEchelle",
                         "type":"bool",
                         "value":true
                        }, 
                        {
                         "name":"estSolide",
                         "type":"bool",
                         "value":false
                        }]
                }, 
                {
                 "id":110,
                 "properties":[
                        {
                         "name":"estSolide",
                         "type":"bool",
                         "value":false
                        }]
                }, 
                {
                 "id":111,
                 "properties":[
                        {
                         "name":"estSolide",
                         "type":"bool",
                         "value":false
                        }]
                }, 
                {
                 "id":112,
                 "properties":[
                        {
                         "name":"estSolide",
                         "type":"bool",
                         "value":false
                        }]
                }, 
                {
                 "id":113,
                 "properties":[
                        {
                         "name":"estSolide",
                         "type":"bool",
                         "value":false
                        }]
                }, 
                {
                 "id":114,
                 "properties":[
                        {
                         "name":"estSolide",
                         "type":"bool",
                         "value":false
                        }]
                }, 
                {
                 "id":115,
                 "properties":[
                        {
                         "name":"estSolide",
                         "type":"bool",
                         "value":false
                        }]
                }, 
                {
                 "id":116,
                 "properties":[
                        {
                         "name":"estSolide",
                         "type":"bool",
                         "value":false
                        }]
                }, 
                {
                 "id":117,
                 "properties":[
                        {
                         "name":"estSolide",
                         "type":"bool",
                         "value":false
                        }]
                }, 
                {
                 "id":120,
                 "properties":[
                        {
                         "name":"estSolide",
                         "type":"bool",
                         "value":false
                        }]
                }, 
                {
                 "id":121,
                 "properties":[
                        {
                         "name":"estSolide",
                         "type":"bool",
                         "value":false
                        }]
                }, 
                {
                 "id":122,
                 "properties":[
                        {
                         "name":"estSolide",
                         "type":"bool",
                         "value":false
                        }]
                }, 
                {
                 "id":123,
                 "properties":[
                        {
                         "name":"estSolide",
                         "type":"bool",
                         "value":false
                        }]
                }, 
                {
                 "id":124,
                 "properties":[
                        {
                         "name":"estEchelle",
                         "type":"bool",
                         "value":true
                        }, 
                        {
                         "name":"estSolide",
                         "type":"bool",
                         "value":false
                        }]
                }, 
                {
                 "id":125,
                 "properties":[
                        {
                         "name":"estSolide",
                         "type":"bool",
                         "value":false
                        }]
                }, 
                {
                 "id":126,
                 "properties":[
                        {
                         "name":"estSolide",
                         "type":"bool",
                         "value":false
                        }]
                }, 
                {
                 "id":127,
                 "properties":[
                        {
                         "name":"estSolide",
                         "type":"bool",
                         "value":false
                        }]
                }, 
                {
                 "id":128,
                 "properties":[
                        {
                         "name":"estSolide",
                         "type":"bool",
                         "value":false
                        }]
                }, 
                {
                 "id":129,
                 "properties":[
                        {
                         "name":"estSolide",
                         "type":"bool",
                         "value":false
                        }]
                }, 
                {
                 "id":130,
                 "properties":[
                        {
                         "name":"estSolide",
                         "type":"bool",
                         "value":false
                        }]
                }, 
                {
                 "id":131,
                 "properties":[
                        {
                         "name":"estSolide",
                         "type":"bool",
                         "value":false
                        }]
                }, 
                {
                 "id":132,
                 "properties":[
                        {
                         "name":"estSolide",
                         "type":"bool",
                         "value":false
                        }]
                }, 
                {
                 "id":135,
                 "properties":[
                        {
                         "name":"estSolide",
                         "type":"bool",
                         "value":false
                        }]
                }, 
                {
                 "id":136,
                 "properties":[
                        {
                         "name":"estSolide",
                         "type":"bool",
                         "value":false
                        }]
                }, 
                {
                 "id":137,
                 "properties":[
                        {
                         "name":"estSolide",
                         "type":"bool",
                         "value":false
                        }]
                },
            
                {
                 "id":138,
                 "properties":[
                        {
                         "name":"estSolide",
                         "type":"bool",
                         "value":false
                        }]
                }, 
                {
                 "id":139,
                 "properties":[
                        {
                         "name":"estEchelle",
                         "type":"bool",
                         "value":false
                        }, 
                        {
                         "name":"estSolide",
                         "type":"bool",
                         "value":false
                        }]
                }, 
                {
                 "id":140,
                 "properties":[
                        {
                         "name":"estSolide",
                         "type":"bool",
                         "value":false
                        }]
                }, 
                {
                 "id":141,
                 "properties":[
                        {
                         "name":"estSolide",
                         "type":"bool",
                         "value":false
                        }]
                }, 
                {
                 "id":142,
                 "properties":[
                        {
                         "name":"estSolide",
                         "type":"bool",
                         "value":false
                        }]
                }, 
                {
                 "id":143,
                 "properties":[
                        {
                         "name":"estSolide",
                         "type":"bool",
                         "value":false
                        }]
                }, 
                {
                 "id":144,
                 "properties":[
                        {
                         "name":"estSolide",
                         "type":"bool",
                         "value":false
                        }]
                }, 
                {
                 "id":145,
                 "properties":[
                        {
                         "name":"estSolide",
                         "type":"bool",
                         "value":false
                        }]
                }, 
                {
                 "id":146,
                 "properties":[
                        {
                         "name":"estSolide",
                         "type":"bool",
                         "value":false
                        }]
                }, 
                {
                 "id":147,
                 "properties":[
                        {
                         "name":"estSolide",
                         "type":"bool",
                         "value":false
                        }]
                }, 
                {
                 "id":150,
                 "properties":[
                        {
                         "name":"estSolide",
                         "type":"bool",
                         "value":false
                        }]
                }, 
                {
                 "id":151,
                 "properties":[
                        {
                         "name":"estSolide",
                         "type":"bool",
                         "value":false
                        }]
                }, 
                {
                 "id":152,
                 "properties":[
                        {
                         "name":"estSolide",
                         "type":"bool",
                         "value":false
                        }]
                }, 
                {
                 "id":153,
                 "properties":[
                        {
                         "name":"estSolide",
                         "type":"bool",
                         "value":false
                        }]
                }, 
                {
                 "id":154,
                 "properties":[
                        {
                         "name":"estEchelle",
                         "type":"bool",
                         "value":true
                        }, 
                        {
                         "name":"estSolide",
                         "type":"bool",
                         "value":false
                        }]
                }, 
                {
                 "id":155,
                 "properties":[
                        {
                         "name":"estSolide",
                         "type":"bool",
                         "value":false
                        }]
                }, 
                {
                 "id":156,
                 "properties":[
                        {
                         "name":"estSolide",
                         "type":"bool",
                         "value":false
                        }]
                }, 
                {
                 "id":157,
                 "properties":[
                        {
                         "name":"estSolide",
                         "type":"bool",
                         "value":false
                        }]
                }, 
                {
                 "id":158,
                 "properties":[
                        {
                         "name":"estSolide",
                         "type":"bool",
                         "value":false
                        }]
                }, 
                {
                 "id":159,
                 "properties":[
                        {
                         "name":"estSolide",
                         "type":"bool",
                         "value":false
                        }]
                }, 
                {
                 "id":160,
                 "properties":[
                        {
                         "name":"estSolide",
                         "type":"bool",
                         "value":false
                        }]
                }, 
                {
                 "id":161,
                 "properties":[
                        {
                         "name":"estSolide",
                         "type":"bool",
                         "value":false
                        }]
                }, 
                {
                 "id":162,
                 "properties":[
                        {
                         "name":"estSolide",
                         "type":"bool",
                         "value":false
                        }]
                }, 
                {
                 "id":165,
                 "properties":[
                        {
                         "name":"estSolide",
                         "type":"bool",
                         "value":false
                        }]
                }, 
                {
                 "id":166,
                 "properties":[
                        {
                         "name":"estSolide",
                         "type":"bool",
                         "value":false
                        }]
                }, 
                {
                 "id":167,
                 "properties":[
                        {
                         "name":"estSolide",
                         "type":"bool",
                         "value":false
                        }]
                }, 
                {
                 "id":168,
                 "properties":[
                        {
                         "name":"estSolide",
                         "type":"bool",
                         "value":false
                        }]
                }, 
                {
                 "id":169,
                 "properties":[
                        {
                         "name":"estSolide",
                         "type":"bool",
                         "value":false
                        }]
                }, 
                {
                 "id":170,
                 "properties":[
                        {
                         "name":"estSolide",
                         "type":"bool",
                         "value":false
                        }]
                }, 
                {
                 "id":171,
                 "properties":[
                        {
                         "name":"estSolide",
                         "type":"bool",
                         "value":false
                        }]
                }, 
                {
                 "id":172,
                 "properties":[
                        {
                         "name":"estSolide",
                         "type":"bool",
                         "value":false
                        }]
                }, 
                {
                 "id":173,
                 "properties":[
                        {
                         "name":"estSolide",
                         "type":"bool",
                         "value":false
                        }]
                }, 
                {
                 "id":174,
                 "properties":[
                        {
                         "name":"estSolide",
                         "type":"bool",
                         "value":false
                        }]
                }, 
                {
                 "id":175,
                 "properties":[
                        {
                         "name":"estSolide",
                         "type":"bool",
                         "value":false
                        }]
                }, 
                {
                 "id":176,
                 "properties":[
                        {
                         "name":"estSolide",
                         "type":"bool",
                         "value":false
                        }]
                }, 
                {
                 "id":177,
                 "properties":[
                        {
                         "name":"estSolide",
                         "type":"bool",
                         "value":false
                        }]
                }, 
                {
                 "id":180,
                 "properties":[
                        {
                         "name":"estSolide",
                         "type":"bool",
                         "value":false
                        }]
                }, 
                {
                 "id":181,
                 "properties":[
                        {
                         "name":"estSolide",
                         "type":"bool",
                         "value":false
                        }]
                }, 
                {
                 "id":182,
                 "properties":[
                        {
                         "name":"estSolide",
                         "type":"bool",
                         "value":false
                        }]
                }, 
                {
                 "id":183,
                 "properties":[
                        {
                         "name":"estSolide",
                         "type":"bool",
                         "value":false
                        }]
                },
            
                {
                 "id":184,
                 "properties":[
                        {
                         "name":"estSolide",
                         "type":"bool",
                         "value":false
                        }]
                }, 
                {
                 "id":185,
                 "properties":[
                        {
                         "name":"estSolide",
                         "type":"bool",
                         "value":false
                        }]
                }, 
                {
                 "id":186,
                 "properties":[
                        {
                         "name":"estSolide",
                         "type":"bool",
                         "value":false
                        }]
                }, 
                {
                 "id":187,
                 "properties":[
                        {
                         "name":"estSolide",
                         "type":"bool",
                         "value":false
                        }]
                }, 
                {
                 "id":188,
                 "properties":[
                        {
                         "name":"estSolide",
                         "type":"bool",
                         "value":false
                        }]
                }, 
                {
                 "id":189,
                 "properties":[
                        {
                         "name":"estSolide",
                         "type":"bool",
                         "value":false
                        }]
                }, 
                {
                 "id":190,
                 "properties":[
                        {
                         "name":"estSolide",
                         "type":"bool",
                         "value":false
                        }]
                }, 
                {
                 "id":191,
                 "properties":[
                        {
                         "name":"estSolide",
                         "type":"bool",
                         "value":false
                        }]
                }, 
                {
                 "id":192,
                 "properties":[
                        {
                         "name":"estSolide",
                         "type":"bool",
                         "value":false
                        }]
                }, 
                {
                 "id":195,
                 "properties":[
                        {
                         "name":"estSolide",
                         "type":"bool",
                         "value":false
                        }]
                }, 
                {
                 "id":196,
                 "properties":[
                        {
                         "name":"estSolide",
                         "type":"bool",
                         "value":false
                        }]
                }, 
                {
                 "id":197,
                 "properties":[
                        {
                         "name":"estSolide",
                         "type":"bool",
                         "value":false
                        }]
                }, 
                {
                 "id":198,
                 "properties":[
                        {
                         "name":"estSolide",
                         "type":"bool",
                         "value":false
                        }]
                }, 
                {
                 "id":199,
                 "properties":[
                        {
                         "name":"estSolide",
                         "type":"bool",
                         "value":false
                        }]
                }, 
                {
                 "id":200,
                 "properties":[
                        {
                         "name":"estSolide",
                         "type":"bool",
                         "value":false
                        }]
                }, 
                {
                 "id":201,
                 "properties":[
                        {
                         "name":"estSolide",
                         "type":"bool",
                         "value":false
                        }]
                }, 
                {
                 "id":202,
                 "properties":[
                        {
                         "name":"estSolide",
                         "type":"bool",
                         "value":false
                        }]
                }, 
                {
                 "id":203,
                 "properties":[
                        {
                         "name":"estSolide",
                         "type":"bool",
                         "value":false
                        }]
                }, 
                {
                 "id":204,
                 "properties":[
                        {
                         "name":"estSolide",
                         "type":"bool",
                         "value":false
                        }]
                }, 
                {
                 "id":205,
                 "properties":[
                        {
                         "name":"estSolide",
                         "type":"bool",
                         "value":false
                        }]
                }, 
                {
                 "id":206,
                 "properties":[
                        {
                         "name":"estSolide",
                         "type":"bool",
                         "value":false
                        }]
                }, 
                {
                 "id":207,
                 "properties":[
                        {
                         "name":"estSolide",
                         "type":"bool",
                         "value":false
                        }]
                }, 
                {
                 "id":210,
                 "properties":[
                        {
                         "name":"estSolide",
                         "type":"bool",
                         "value":false
                        }]
                }, 
                {
                 "id":211,
                 "properties":[
                        {
                         "name":"estSolide",
                         "type":"bool",
                         "value":false
                        }]
                }, 
                {
                 "id":212,
                 "properties":[
                        {
                         "name":"estSolide",
                         "type":"bool",
                         "value":false
                        }]
                }, 
                {
                 "id":213,
                 "properties":[
                        {
                         "name":"estSolide",
                         "type":"bool",
                         "value":false
                        }]
                }, 
                {
                 "id":214,
                 "properties":[
                        {
                         "name":"estSolide",
                         "type":"bool",
                         "value":false
                        }]
                }, 
                {
                 "id":215,
                 "properties":[
                        {
                         "name":"estSolide",
                         "type":"bool",
                         "value":false
                        }]
                }, 
                {
                 "id":216,
                 "properties":[
                        {
                         "name":"estSolide",
                         "type":"bool",
                         "value":false
                        }]
                }, 
                {
                 "id":217,
                 "properties":[
                        {
                         "name":"estSolide",
                         "type":"bool",
                         "value":false
                        }]
                }, 
                {
                 "id":218,
                 "properties":[
                        {
                         "name":"estSolide",
                         "type":"bool",
                         "value":false
                        }]
                }, 
                {
                 "id":219,
                 "properties":[
                        {
                         "name":"estSolide",
                         "type":"bool",
                         "value":false
                        }]
                }, 
                {
                 "id":220,
                 "properties":[
                        {
                         "name":"estSolide",
                         "type":"bool",
                         "value":false
                        }]
                }, 
                {
                 "id":221,
                 "properties":[
                        {
                         "name":"estSolide",
                         "type":"bool",
                         "value":false
                        }]
                }, 
                {
                 "id":222,
                 "properties":[
                        {
                         "name":"estSolide",
                         "type":"bool",
                         "value":false
                        }]
                }],
         "tilewidth":32
        }],
 "tilewidth":32,
 "type":"map",
 "version":"1.10",
 "width":40
}